Name	Sample	Sequence	i7 rev comp	i7	protein	cycle	SampleName	Library	FileName
Seqlib RV 1	Cycle0 Lib1	CAAGCAGAAGACGGCATACGAGATCCAAGTCCGTGACTGGAGTTCAGACGTGTGCTCT	CCAAGTCC	GGACTTGG	None	0	RV01	lib1	None-lib1_0
Seqlib RV 2	Cycle0 Lib2	CAAGCAGAAGACGGCATACGAGATCAGTGGATGTGACTGGAGTTCAGACGTGTGCTCT	CAGTGGAT	ATCCACTG	None	0	RV02	lib2	None-lib2_0
Seqlib RV 3	Cycle0 Lib3	CAAGCAGAAGACGGCATACGAGATCTAGCTTGGTGACTGGAGTTCAGACGTGTGCTCT	CTAGCTTG	CAAGCTAG	None	0	RV03	lib3	None-lib3_0
Seqlib RV 4	Cycle1 Lib1 ZFC1	CAAGCAGAAGACGGCATACGAGATGAGTCCAAGTGACTGGAGTTCAGACGTGTGCTCT	GAGTCCAA	TTGGACTC	ZFC1	1	RV04	lib1	ZFC1-lib1_1
Seqlib RV 5	Cycle1 Lib1 ZFC2	CAAGCAGAAGACGGCATACGAGATTCCGGATTGTGACTGGAGTTCAGACGTGTGCTCT	TCCGGATT	AATCCGGA	ZFC2	1	RV05	lib1	ZFC2-lib1_1
Seqlib RV 6	Cycle1 Lib1 ZFC4	CAAGCAGAAGACGGCATACGAGATAAGGTACCGTGACTGGAGTTCAGACGTGTGCTCT	AAGGTACC	GGTACCTT	ZFC4	1	RV06	lib1	ZFC4-lib1_1
Seqlib RV 7	Cycle1 Lib1 No Protein	CAAGCAGAAGACGGCATACGAGATGGAACGTTGTGACTGGAGTTCAGACGTGTGCTCT	GGAACGTT	AACGTTCC	None	1	RV07	lib1	None-lib1_1
Seqlib RV 8	Cycle1 Lib2 ZFC1	CAAGCAGAAGACGGCATACGAGATGGCCTCATGTGACTGGAGTTCAGACGTGTGCTCT	GGCCTCAT	ATGAGGCC	ZFC1	1	RV08	lib2	ZFC1-lib2_1
Seqlib RV 9	Cycle1 Lib2 ZFC2	CAAGCAGAAGACGGCATACGAGATATCTTAGTGTGACTGGAGTTCAGACGTGTGCTCT	ATCTTAGT	ACTAAGAT	ZFC2	1	RV09	lib2	ZFC2-lib2_1
Seqlib RV 10	Cycle1 Lib2 ZFC4	CAAGCAGAAGACGGCATACGAGATCTTCACGGGTGACTGGAGTTCAGACGTGTGCTCT	CTTCACGG	CCGTGAAG	ZFC4	1	RV10	lib2	ZFC4-lib2_1
Seqlib RV 11	Cycle1 Lib2 No Protein	CAAGCAGAAGACGGCATACGAGATTCCTGTAAGTGACTGGAGTTCAGACGTGTGCTCT	TCCTGTAA	TTACAGGA	None	1	RV11	lib2	None-lib2_1
Seqlib RV 12	Cycle1 Lib3 ZFC1	CAAGCAGAAGACGGCATACGAGATCCTCGGTAGTGACTGGAGTTCAGACGTGTGCTCT	CCTCGGTA	TACCGAGG	ZFC1	1	RV12	lib3	ZFC1-lib3_1
Seqlib RV 13	Cycle1 Lib3 ZFC2	CAAGCAGAAGACGGCATACGAGATATGAGGCTGTGACTGGAGTTCAGACGTGTGCTCT	ATGAGGCT	AGCCTCAT	ZFC2	1	RV13	lib3	ZFC2-lib3_1
Seqlib RV 14	Cycle1 Lib3 ZFC4	CAAGCAGAAGACGGCATACGAGATGCAGAATCGTGACTGGAGTTCAGACGTGTGCTCT	GCAGAATC	GATTCTGC	ZFC4	1	RV14	lib3	ZFC4-lib3_1
Seqlib RV 15	Cycle1 Lib3 No Protein	CAAGCAGAAGACGGCATACGAGATTGTCGTAGGTGACTGGAGTTCAGACGTGTGCTCT	TGTCGTAG	CTACGACA	None	1	RV15	lib3	None-lib3_1
Seqlib RV 16	Cycle3 Lib1 ZFC1	CAAGCAGAAGACGGCATACGAGATTAGAGCGCGTGACTGGAGTTCAGACGTGTGCTCT	TAGAGCGC	GCGCTCTA	ZFC1	3	RV16	lib1	ZFC1-lib1_3
Seqlib RV 17	Cycle3 Lib1 ZFC2	CAAGCAGAAGACGGCATACGAGATGGTTCACCGTGACTGGAGTTCAGACGTGTGCTCT	GGTTCACC	GGTGAACC	ZFC2	3	RV17	lib1	ZFC2-lib1_3
Seqlib RV 18	Cycle3 Lib1 ZFC4	CAAGCAGAAGACGGCATACGAGATCATTGTTGGTGACTGGAGTTCAGACGTGTGCTCT	CATTGTTG	CAACAATG	ZFC4	3	RV18	lib1	ZFC4-lib1_3
Seqlib RV 19	Cycle3 Lib1 No Protein	CAAGCAGAAGACGGCATACGAGATACGCCGCAGTGACTGGAGTTCAGACGTGTGCTCT	ACGCCGCA	TGCGGCGT	None	3	RV19	lib1	None-lib1_3
Seqlib RV 20	Cycle3 Lib2 ZFC1	CAAGCAGAAGACGGCATACGAGATGTATTATGGTGACTGGAGTTCAGACGTGTGCTCT	GTATTATG	CATAATAC	ZFC1	3	RV20	lib2	ZFC1-lib2_3
Seqlib RV 21	Cycle3 Lib2 ZFC2	CAAGCAGAAGACGGCATACGAGATAGCGAGCTGTGACTGGAGTTCAGACGTGTGCTCT	AGCGAGCT	AGCTCGCT	ZFC2	3	RV21	lib2	ZFC2-lib2_3
Seqlib RV 22	Cycle3 Lib2 ZFC4	CAAGCAGAAGACGGCATACGAGATTGACCTTAGTGACTGGAGTTCAGACGTGTGCTCT	TGACCTTA	TAAGGTCA	ZFC4	3	RV22	lib2	ZFC4-lib2_3
Seqlib RV 23	Cycle3 Lib2 No Protein	CAAGCAGAAGACGGCATACGAGATTCGAATGGGTGACTGGAGTTCAGACGTGTGCTCT	TCGAATGG	CCATTCGA	None	3	RV23	lib2	None-lib2_3
Seqlib RV 24	Cycle3 Lib3 ZFC1	CAAGCAGAAGACGGCATACGAGATATATTCACGTGACTGGAGTTCAGACGTGTGCTCT	ATATTCAC	GTGAATAT	ZFC1	3	RV24	lib3	ZFC1-lib3_3
Seqlib RV 25	Cycle3 Lib3 ZFC2	CAAGCAGAAGACGGCATACGAGATCTACAGTTGTGACTGGAGTTCAGACGTGTGCTCT	CTACAGTT	AACTGTAG	ZFC2	3	RV25	lib3	ZFC2-lib3_3
Seqlib RV 26	Cycle3 Lib3 ZFC4	CAAGCAGAAGACGGCATACGAGATGGAAGCAGGTGACTGGAGTTCAGACGTGTGCTCT	GGAAGCAG	CTGCTTCC	ZFC4	3	RV26	lib3	ZFC4-lib3_3
Seqlib RV 27	Cycle3 Lib3 No Protein	CAAGCAGAAGACGGCATACGAGATAAGGATGAGTGACTGGAGTTCAGACGTGTGCTCT	AAGGATGA	TCATCCTT	None	3	RV27	lib3	None-lib3_3
Seqlib RV 28	Cycle6 Lib1 ZFC1	CAAGCAGAAGACGGCATACGAGATTATAACCTGTGACTGGAGTTCAGACGTGTGCTCT	TATAACCT	AGGTTATA	ZFC1	6	RV28	lib1	ZFC1-lib1_6
Seqlib RV 29	Cycle6 Lib1 ZFC2	CAAGCAGAAGACGGCATACGAGATCGCAGACGGTGACTGGAGTTCAGACGTGTGCTCT	CGCAGACG	CGTCTGCG	ZFC2	6	RV29	lib1	ZFC2-lib1_6
Seqlib RV 30	Cycle6 Lib1 ZFC4	CAAGCAGAAGACGGCATACGAGATGATATCGAGTGACTGGAGTTCAGACGTGTGCTCT	GATATCGA	TCGATATC	ZFC4	6	RV30	lib1	ZFC4-lib1_6
Seqlib RV 31	Cycle6 Lib1 No Protein	CAAGCAGAAGACGGCATACGAGATGCTCCGACGTGACTGGAGTTCAGACGTGTGCTCT	GCTCCGAC	GTCGGAGC	None	6	RV31	lib1	None-lib1_6
Seqlib RV 32	Cycle6 Lib2 ZFC1	CAAGCAGAAGACGGCATACGAGATCACTACGAGTGACTGGAGTTCAGACGTGTGCTCT	CACTACGA	TCGTAGTG	ZFC1	6	RV32	lib2	ZFC1-lib2_6
Seqlib RV 33	Cycle6 Lib2 ZFC2	CAAGCAGAAGACGGCATACGAGATATCCATATGTGACTGGAGTTCAGACGTGTGCTCT	ATCCATAT	ATATGGAT	ZFC2	6	RV33	lib2	ZFC2-lib2_6
Seqlib RV 34	Cycle6 Lib2 ZFC4	CAAGCAGAAGACGGCATACGAGATTTGGTGAGGTGACTGGAGTTCAGACGTGTGCTCT	TTGGTGAG	CTCACCAA	ZFC4	6	RV34	lib2	ZFC4-lib2_6
Seqlib RV 35	Cycle6 Lib2 No Protein	CAAGCAGAAGACGGCATACGAGATAAGACGTCGTGACTGGAGTTCAGACGTGTGCTCT	AAGACGTC	GACGTCTT	None	6	RV35	lib2	None-lib2_6
Seqlib RV 36	Cycle6 Lib3 ZFC1	CAAGCAGAAGACGGCATACGAGATGTGCGATAGTGACTGGAGTTCAGACGTGTGCTCT	GTGCGATA	TATCGCAC	ZFC1	6	RV36	lib3	ZFC1-lib3_6
Seqlib RV 37	Cycle6 Lib3 ZFC2	CAAGCAGAAGACGGCATACGAGATACCGGCCAGTGACTGGAGTTCAGACGTGTGCTCT	ACCGGCCA	TGGCCGGT	ZFC2	6	RV37	lib3	ZFC2-lib3_6
Seqlib RV 38	Cycle6 Lib3 ZFC4	CAAGCAGAAGACGGCATACGAGATTCGTGACCGTGACTGGAGTTCAGACGTGTGCTCT	TCGTGACC	GGTCACGA	ZFC4	6	RV38	lib3	ZFC4-lib3_6
Seqlib RV 39	Cycle6 Lib3 No Protein	CAAGCAGAAGACGGCATACGAGATAGAATGCCGTGACTGGAGTTCAGACGTGTGCTCT	AGAATGCC	GGCATTCT	None	6	RV39	lib3	None-lib3_6
